"","feature_chem_seq","sample_num_occur_1","sample_num_occur_2","feature_3"
"node1",0.44680708808989,1.70938029466409,0.691575465182292,-0.0043593818886863
"node2",-1.01863803614124,-0.157258138938196,-0.360667892849672,-1.53000541056833
"node3",0.963622813382183,-1.21988346531994,-1.35330005478053,-1.38840181582576
